[{"fields": {"model": "logentry", "app_label": "admin"}, "model": "contenttypes.contenttype", "pk": 1}, {"fields": {"model": "permission", "app_label": "auth"}, "model": "contenttypes.contenttype", "pk": 2}, {"fields": {"model": "group", "app_label": "auth"}, "model": "contenttypes.contenttype", "pk": 3}, {"fields": {"model": "user", "app_label": "auth"}, "model": "contenttypes.contenttype", "pk": 4}, {"fields": {"model": "contenttype", "app_label": "contenttypes"}, "model": "contenttypes.contenttype", "pk": 5}, {"fields": {"model": "session", "app_label": "sessions"}, "model": "contenttypes.contenttype", "pk": 6}, {"fields": {"model": "poll", "app_label": "polls"}, "model": "contenttypes.contenttype", "pk": 7}, {"fields": {"model": "category", "app_label": "polls"}, "model": "contenttypes.contenttype", "pk": 8}, {"fields": {"model": "question", "app_label": "polls"}, "model": "contenttypes.contenttype", "pk": 9}, {"fields": {"model": "choice", "app_label": "polls"}, "model": "contenttypes.contenttype", "pk": 10}, {"fields": {"model": "recommendation", "app_label": "polls"}, "model": "contenttypes.contenttype", "pk": 11}, {"fields": {"model": "answer", "app_label": "polls"}, "model": "contenttypes.contenttype", "pk": 12}, {"fields": {"model": "tip", "app_label": "polls"}, "model": "contenttypes.contenttype", "pk": 13}, {"fields": {"model": "corsmodel", "app_label": "corsheaders"}, "model": "contenttypes.contenttype", "pk": 14}, {"fields": {"expire_date": "2016-08-08T20:20:55.866Z", "session_data": "ZjZiMzEyNzE0YWU4ODE5NzM2ZDY5OGJhZGJlNDVjZTk3OTY1MDEyZTp7Il9hdXRoX3VzZXJfaGFzaCI6Ijk3N2FmM2M5ZmFjNTg4ZDk0MzQyMTc4OTdmNjFmMGFhNDE1MmQyOTAiLCJfYXV0aF91c2VyX2JhY2tlbmQiOiJkamFuZ28uY29udHJpYi5hdXRoLmJhY2tlbmRzLk1vZGVsQmFja2VuZCIsIl9hdXRoX3VzZXJfaWQiOiIxIn0="}, "model": "sessions.session", "pk": "20ultjfn14ij0h8yqidyzn7k1sgxz2th"}, {"fields": {"expire_date": "2016-08-16T23:13:39.407Z", "session_data": "NTNiZjU2Y2VhN2RjNTk3NTkzZjBiOTM3Y2EyYmU1NjU5NTQyYWRhODp7Il9hdXRoX3VzZXJfaGFzaCI6Ijk5ODlmZTcyNWI4MmMwZmQ2N2RkNWViNGM5N2EyODI1MGMyZmI4YjQiLCJfYXV0aF91c2VyX2lkIjoiMSIsIl9hdXRoX3VzZXJfYmFja2VuZCI6ImRqYW5nby5jb250cmliLmF1dGguYmFja2VuZHMuTW9kZWxCYWNrZW5kIn0="}, "model": "sessions.session", "pk": "5b87i4mvz7artslwwbfooph87z9v6ly6"}, {"fields": {"expire_date": "2016-08-09T04:06:18.188Z", "session_data": "NjFhZTBhM2JkM2Q3MmFhYWY0NGU3ZWI2OWZiOWI1NzQ4MzU3NTMzMTp7Il9hdXRoX3VzZXJfaWQiOiIxIiwiX2F1dGhfdXNlcl9oYXNoIjoiOTk4OWZlNzI1YjgyYzBmZDY3ZGQ1ZWI0Yzk3YTI4MjUwYzJmYjhiNCIsIl9hdXRoX3VzZXJfYmFja2VuZCI6ImRqYW5nby5jb250cmliLmF1dGguYmFja2VuZHMuTW9kZWxCYWNrZW5kIn0="}, "model": "sessions.session", "pk": "7qcd1xiwstixa01opfzc3vaphzhf0aak"}, {"fields": {"expire_date": "2016-08-08T23:44:36.164Z", "session_data": "ZjZiMzEyNzE0YWU4ODE5NzM2ZDY5OGJhZGJlNDVjZTk3OTY1MDEyZTp7Il9hdXRoX3VzZXJfaGFzaCI6Ijk3N2FmM2M5ZmFjNTg4ZDk0MzQyMTc4OTdmNjFmMGFhNDE1MmQyOTAiLCJfYXV0aF91c2VyX2JhY2tlbmQiOiJkamFuZ28uY29udHJpYi5hdXRoLmJhY2tlbmRzLk1vZGVsQmFja2VuZCIsIl9hdXRoX3VzZXJfaWQiOiIxIn0="}, "model": "sessions.session", "pk": "m8matcevsshnn5wnhre36elnvlhfh5ch"}, {"fields": {"expire_date": "2016-08-16T19:54:09.700Z", "session_data": "ZWU5ODI3ZDgxY2I1ZjU1MTU0NDBjNjhhNTJjNWFjZDkyOWYxNjEwZDp7Il9hdXRoX3VzZXJfYmFja2VuZCI6ImRqYW5nby5jb250cmliLmF1dGguYmFja2VuZHMuTW9kZWxCYWNrZW5kIiwiX2F1dGhfdXNlcl9pZCI6IjEiLCJfYXV0aF91c2VyX2hhc2giOiI5OTg5ZmU3MjViODJjMGZkNjdkZDVlYjRjOTdhMjgyNTBjMmZiOGI0In0="}, "model": "sessions.session", "pk": "p4epq7bspg5o0k2zfrpmd9xl27hne8bc"}, {"fields": {"expire_date": "2016-08-09T00:29:13.843Z", "session_data": "YmI1MmEyOGQwZjhlM2E4MDU0YTZlZTU2N2JiOWQ3MjUxNjhhZDI1OTp7Il9hdXRoX3VzZXJfYmFja2VuZCI6ImRqYW5nby5jb250cmliLmF1dGguYmFja2VuZHMuTW9kZWxCYWNrZW5kIiwiX2F1dGhfdXNlcl9oYXNoIjoiOTk4OWZlNzI1YjgyYzBmZDY3ZGQ1ZWI0Yzk3YTI4MjUwYzJmYjhiNCIsIl9hdXRoX3VzZXJfaWQiOiIxIn0="}, "model": "sessions.session", "pk": "qbymn0b7d216s57m3uoiib7wdy1j2b30"}, {"fields": {"expire_date": "2016-08-14T23:05:13.440Z", "session_data": "ZTUzNGI4NzdjMmIzNTBjMjJhYzIzMWM0OGZlYTUzMWNmYzEwY2RjMzp7Il9hdXRoX3VzZXJfaGFzaCI6Ijk5ODlmZTcyNWI4MmMwZmQ2N2RkNWViNGM5N2EyODI1MGMyZmI4YjQiLCJfYXV0aF91c2VyX2JhY2tlbmQiOiJkamFuZ28uY29udHJpYi5hdXRoLmJhY2tlbmRzLk1vZGVsQmFja2VuZCIsIl9hdXRoX3VzZXJfaWQiOiIxIn0="}, "model": "sessions.session", "pk": "rcc2qs8n3nescakeqhud335eb1ozcgqx"}, {"fields": {"expire_date": "2016-08-16T22:43:42.224Z", "session_data": "NTNiZjU2Y2VhN2RjNTk3NTkzZjBiOTM3Y2EyYmU1NjU5NTQyYWRhODp7Il9hdXRoX3VzZXJfaGFzaCI6Ijk5ODlmZTcyNWI4MmMwZmQ2N2RkNWViNGM5N2EyODI1MGMyZmI4YjQiLCJfYXV0aF91c2VyX2lkIjoiMSIsIl9hdXRoX3VzZXJfYmFja2VuZCI6ImRqYW5nby5jb250cmliLmF1dGguYmFja2VuZHMuTW9kZWxCYWNrZW5kIn0="}, "model": "sessions.session", "pk": "s0i40tjjf6f1vws7vc1j9yccbv8zch8t"}, {"fields": {"name": "Vulnerabilidad Fisica"}, "model": "polls.poll", "pk": 6}, {"fields": {"name": "Lineas Vitales"}, "model": "polls.category", "pk": 7}, {"fields": {"name": "Vivienda"}, "model": "polls.category", "pk": 8}, {"fields": {"name": "Configuracion de la ciudad"}, "model": "polls.category", "pk": 9}, {"fields": {"name": "Movilidad"}, "model": "polls.category", "pk": 10}, {"fields": {"name": "Instalaciones escenciales"}, "model": "polls.category", "pk": 11}, {"fields": {"category": 7, "text": "\u00bfC\u00f3mo considera el estado de los acueductos?", "poll": 6}, "model": "polls.question", "pk": 8}, {"fields": {"category": 7, "text": "Eval\u00fae el estado en el que se encuentran las cloacas de su comunidad:", "poll": 6}, "model": "polls.question", "pk": 9}, {"fields": {"category": 7, "text": "Dir\u00eda usted que el estado de los drenajes de su comunidad, es:", "poll": 6}, "model": "polls.question", "pk": 10}, {"fields": {"category": 7, "text": "Usted considerar\u00eda el servicio de Gas en su comunidad, es:", "poll": 6}, "model": "polls.question", "pk": 11}, {"fields": {"category": 7, "text": "Dir\u00eda usted que el servicio de Electricidad de su comunidad, es:", "poll": 6}, "model": "polls.question", "pk": 12}, {"fields": {"category": 7, "text": "Usted considerar\u00eda el servicio de Telecomunicaciones (tel\u00e9fono, internet) en su  comunidad, es:", "poll": 6}, "model": "polls.question", "pk": 13}, {"fields": {"category": 7, "text": "\u00bfC\u00f3mo es el servicio de transporte p\u00fablico?", "poll": 6}, "model": "polls.question", "pk": 14}, {"fields": {"category": 7, "text": "\u00bfEn qu\u00e9 condiciones se encuentra el servicio de Transporte de Carga en su  comunidad?", "poll": 6}, "model": "polls.question", "pk": 15}, {"fields": {"category": 8, "text": "\u00bfQu\u00e9 tipo de vivienda predomina m\u00e1s?", "poll": 6}, "model": "polls.question", "pk": 16}, {"fields": {"category": 8, "text": "\u00bfQu\u00e9 tipo de vivienda predomina m\u00e1s?", "poll": 6}, "model": "polls.question", "pk": 17}, {"fields": {"category": 10, "text": "\u00bfCu\u00e1l es el modo de movilidad predominante en su comunidad?", "poll": 6}, "model": "polls.question", "pk": 18}, {"fields": {"category": 10, "text": "\u00bfC\u00f3mo es la conexi\u00f3n de su comunidad con el entorno inmediato a ella?", "poll": 6}, "model": "polls.question", "pk": 19}, {"fields": {"category": 8, "text": "\u00bfCu\u00e1ntos grupos familiares habitan por vivienda en promedio?", "poll": 6}, "model": "polls.question", "pk": 20}, {"fields": {"category": 8, "text": "\u00bfCu\u00e1l es el uso de las edificaciones en su comunidad?", "poll": 6}, "model": "polls.question", "pk": 21}, {"fields": {"category": 10, "text": "\u00bfCu\u00e1ntos accesos tiene su comunidad y que caracter\u00edstica tiene?", "poll": 6}, "model": "polls.question", "pk": 22}, {"fields": {"category": 8, "text": "\u00bfQu\u00e9 relaci\u00f3n tiene la funci\u00f3n original de la edificaci\u00f3n con la funci\u00f3n actual?", "poll": 6}, "model": "polls.question", "pk": 23}, {"fields": {"category": 10, "text": "Dir\u00eda usted que el estado de las V\u00edas transitables de su comunidad, es:", "poll": 6}, "model": "polls.question", "pk": 24}, {"fields": {"category": 8, "text": "\u00bfEn qu\u00e9 condiciones se encuentran las edificaciones que no tienen uso residencial?", "poll": 6}, "model": "polls.question", "pk": 25}, {"fields": {"category": 10, "text": "\u00bfEn qu\u00e9 condiciones se encuentran la demarcaci\u00f3n del pavimento y las se\u00f1alizaciones  de la vialidad?", "poll": 6}, "model": "polls.question", "pk": 26}, {"fields": {"category": 9, "text": "\u00bfCu\u00e1l es el uso de las edificaciones en su comunidad?", "poll": 6}, "model": "polls.question", "pk": 27}, {"fields": {"category": 9, "text": "\u00bfQu\u00e9 relaci\u00f3n tiene la funci\u00f3n original de la edificaci\u00f3n con la funci\u00f3n actual?", "poll": 6}, "model": "polls.question", "pk": 28}, {"fields": {"category": 9, "text": "\u00bfEn qu\u00e9 condiciones se encuentran las edificaciones que no tienen uso residencial?", "poll": 6}, "model": "polls.question", "pk": 29}, {"fields": {"category": 11, "text": "\u00bfExiste disponibilidad de instalaciones de protecci\u00f3n civil y entes de atenci\u00f3n de  emergencias?", "poll": 6}, "model": "polls.question", "pk": 30}, {"fields": {"category": 11, "text": "\u00bfConoce de la existencia de instalaciones sanitarias y m\u00e9dicas?", "poll": 6}, "model": "polls.question", "pk": 31}, {"fields": {"category": 11, "text": "\u00bfExisten instalaciones educacionales?", "poll": 6}, "model": "polls.question", "pk": 32}, {"fields": {"category": 11, "text": "\u00bfConoce de la existencia de instalaciones eclesi\u00e1sticas?", "poll": 6}, "model": "polls.question", "pk": 33}, {"fields": {"category": 11, "text": "\u00bfExiste disponibilidad de instalaciones comunitarias?", "poll": 6}, "model": "polls.question", "pk": 34}, {"fields": {"category": 11, "text": "\u00bfDispone de instalaciones para oficinas?", "poll": 6}, "model": "polls.question", "pk": 35}, {"fields": {"category": 11, "text": "\u00bfConoce de la existencia de instalaciones abiertas de uso p\u00fablico?", "poll": 6}, "model": "polls.question", "pk": 36}, {"fields": {"category": 11, "text": "\u00bfExiste disponibilidad de instalaciones alimentarias y de acopio?", "poll": 6}, "model": "polls.question", "pk": 37}, {"fields": {"category": 11, "text": "Dir\u00eda usted que la existencia de instalaciones asociadas al transporte p\u00fablico:", "poll": 6}, "model": "polls.question", "pk": 38}, {"fields": {"category": 11, "text": "\u00bfConoce de la existencia de refugios?", "poll": 6}, "model": "polls.question", "pk": 39}, {"fields": {"category": 11, "text": "Usted considerar\u00eda que la disponibilidad de auditorios, teatros y estadios, es:", "poll": 6}, "model": "polls.question", "pk": 40}, {"fields": {"category": 11, "text": "\u00bfHay parques, plazas y \u00e1reas de recreaci\u00f3n?", "poll": 6}, "model": "polls.question", "pk": 41}, {"fields": {"text": "Malo", "question": 8, "value": 1, "recommendations": []}, "model": "polls.choice", "pk": 16}, {"fields": {"text": "Regular", "question": 8, "value": 2, "recommendations": []}, "model": "polls.choice", "pk": 17}, {"fields": {"text": "Bueno", "question": 8, "value": 3, "recommendations": []}, "model": "polls.choice", "pk": 18}, {"fields": {"text": "Excelente", "question": 8, "value": 4, "recommendations": []}, "model": "polls.choice", "pk": 19}, {"fields": {"text": "Malo", "question": 9, "value": 1, "recommendations": []}, "model": "polls.choice", "pk": 20}, {"fields": {"text": "Regular", "question": 9, "value": 2, "recommendations": []}, "model": "polls.choice", "pk": 21}, {"fields": {"text": "Bueno", "question": 9, "value": 3, "recommendations": []}, "model": "polls.choice", "pk": 22}, {"fields": {"text": "Excelente", "question": 9, "value": 4, "recommendations": []}, "model": "polls.choice", "pk": 23}, {"fields": {"text": "Malo", "question": 10, "value": 1, "recommendations": []}, "model": "polls.choice", "pk": 24}, {"fields": {"text": "Regular", "question": 10, "value": 2, "recommendations": []}, "model": "polls.choice", "pk": 25}, {"fields": {"text": "Bueno", "question": 10, "value": 3, "recommendations": []}, "model": "polls.choice", "pk": 26}, {"fields": {"text": "Excelente", "question": 10, "value": 4, "recommendations": []}, "model": "polls.choice", "pk": 27}, {"fields": {"text": "Malo", "question": 11, "value": 1, "recommendations": []}, "model": "polls.choice", "pk": 28}, {"fields": {"text": "Regular", "question": 11, "value": 2, "recommendations": []}, "model": "polls.choice", "pk": 29}, {"fields": {"text": "Bueno", "question": 11, "value": 3, "recommendations": []}, "model": "polls.choice", "pk": 30}, {"fields": {"text": "Excelente", "question": 11, "value": 4, "recommendations": []}, "model": "polls.choice", "pk": 31}, {"fields": {"text": "Malo`", "question": 12, "value": 1, "recommendations": []}, "model": "polls.choice", "pk": 32}, {"fields": {"text": "Regular", "question": 12, "value": 2, "recommendations": []}, "model": "polls.choice", "pk": 33}, {"fields": {"text": "Bueno", "question": 12, "value": 3, "recommendations": []}, "model": "polls.choice", "pk": 34}, {"fields": {"text": "Excelente", "question": 12, "value": 4, "recommendations": []}, "model": "polls.choice", "pk": 35}, {"fields": {"text": "Malo", "question": 13, "value": 1, "recommendations": []}, "model": "polls.choice", "pk": 36}, {"fields": {"text": "Regular", "question": 13, "value": 2, "recommendations": []}, "model": "polls.choice", "pk": 37}, {"fields": {"text": "Bueno", "question": 13, "value": 3, "recommendations": []}, "model": "polls.choice", "pk": 38}, {"fields": {"text": "Excelente", "question": 13, "value": 4, "recommendations": []}, "model": "polls.choice", "pk": 39}, {"fields": {"text": "Malo", "question": 14, "value": 1, "recommendations": []}, "model": "polls.choice", "pk": 40}, {"fields": {"text": "Regular", "question": 14, "value": 2, "recommendations": []}, "model": "polls.choice", "pk": 41}, {"fields": {"text": "Bueno", "question": 14, "value": 3, "recommendations": []}, "model": "polls.choice", "pk": 42}, {"fields": {"text": "Excelente", "question": 14, "value": 4, "recommendations": []}, "model": "polls.choice", "pk": 43}, {"fields": {"text": "Malo", "question": 15, "value": 1, "recommendations": []}, "model": "polls.choice", "pk": 44}, {"fields": {"text": "Regular", "question": 15, "value": 2, "recommendations": []}, "model": "polls.choice", "pk": 45}, {"fields": {"text": "Bueno", "question": 15, "value": 3, "recommendations": []}, "model": "polls.choice", "pk": 46}, {"fields": {"text": "Excelente", "question": 15, "value": 4, "recommendations": []}, "model": "polls.choice", "pk": 47}, {"fields": {"text": "Casas", "question": 16, "value": 1, "recommendations": []}, "model": "polls.choice", "pk": 48}, {"fields": {"text": "Casas y Quintas", "question": 16, "value": 2, "recommendations": []}, "model": "polls.choice", "pk": 49}, {"fields": {"text": "Solo Quintas", "question": 16, "value": 3, "recommendations": []}, "model": "polls.choice", "pk": 50}, {"fields": {"text": "Casas, Quintas y Edificios", "question": 16, "value": 4, "recommendations": []}, "model": "polls.choice", "pk": 51}, {"fields": {"text": "Malo", "question": 17, "value": 1, "recommendations": []}, "model": "polls.choice", "pk": 52}, {"fields": {"text": "Regular", "question": 17, "value": 2, "recommendations": []}, "model": "polls.choice", "pk": 53}, {"fields": {"text": "Bueno", "question": 17, "value": 3, "recommendations": []}, "model": "polls.choice", "pk": 54}, {"fields": {"text": "Excelente", "question": 17, "value": 4, "recommendations": []}, "model": "polls.choice", "pk": 55}, {"fields": {"text": "Exclusivamente peatonal", "question": 18, "value": 1, "recommendations": []}, "model": "polls.choice", "pk": 56}, {"fields": {"text": "Peatonal y vehicular (particular)", "question": 18, "value": 2, "recommendations": []}, "model": "polls.choice", "pk": 57}, {"fields": {"text": "Peatonal, transporte p\u00fablico y particular", "question": 18, "value": 3, "recommendations": []}, "model": "polls.choice", "pk": 58}, {"fields": {"text": "Todos los modos urbanos (motorizado, taxi) y transporte publico", "question": 18, "value": 4, "recommendations": []}, "model": "polls.choice", "pk": 59}, {"fields": {"text": "D\u00e9bil internamente y limitada con su entorno inmediato", "question": 19, "value": 1, "recommendations": []}, "model": "polls.choice", "pk": 60}, {"fields": {"text": "Moderada internamente y con su entorno inmediato", "question": 19, "value": 2, "recommendations": []}, "model": "polls.choice", "pk": 61}, {"fields": {"text": "Fuerte internamente y moderada con su entorno inmediato", "question": 19, "value": 3, "recommendations": []}, "model": "polls.choice", "pk": 62}, {"fields": {"text": "Fuerte internamente y fuerte con su entorno inmediato", "question": 19, "value": 4, "recommendations": []}, "model": "polls.choice", "pk": 63}, {"fields": {"text": "M\u00e1s de tres (3) grupos familiares", "question": 20, "value": 1, "recommendations": []}, "model": "polls.choice", "pk": 64}, {"fields": {"text": "Dos (2) grupos familiares", "question": 20, "value": 2, "recommendations": []}, "model": "polls.choice", "pk": 65}, {"fields": {"text": "Un (1) grupo familiar", "question": 20, "value": 3, "recommendations": []}, "model": "polls.choice", "pk": 66}, {"fields": {"text": "Las viviendas est\u00e1n desocupadas", "question": 20, "value": 4, "recommendations": []}, "model": "polls.choice", "pk": 67}, {"fields": {"text": "Residencial", "question": 21, "value": 1, "recommendations": []}, "model": "polls.choice", "pk": 68}, {"fields": {"text": "Comercial y Residencial", "question": 21, "value": 2, "recommendations": []}, "model": "polls.choice", "pk": 69}, {"fields": {"text": "Comercial", "question": 21, "value": 3, "recommendations": []}, "model": "polls.choice", "pk": 70}, {"fields": {"text": "Comercial, Residencial y de Servicios Institucionales", "question": 21, "value": 4, "recommendations": []}, "model": "polls.choice", "pk": 71}, {"fields": {"text": "Menos de 2 accesos, unidireccionales", "question": 22, "value": 1, "recommendations": []}, "model": "polls.choice", "pk": 72}, {"fields": {"text": "Menos de 2 accesos, bidireccionales", "question": 22, "value": 2, "recommendations": []}, "model": "polls.choice", "pk": 73}, {"fields": {"text": "M\u00e1s de 2 accesos bidireccionales y otros unidireccionales", "question": 22, "value": 3, "recommendations": []}, "model": "polls.choice", "pk": 74}, {"fields": {"text": "M\u00faltiples accesos bidireccionales", "question": 22, "value": 4, "recommendations": []}, "model": "polls.choice", "pk": 75}, {"fields": {"text": "No se corresponden", "question": 23, "value": 1, "recommendations": []}, "model": "polls.choice", "pk": 76}, {"fields": {"text": "Se corresponden poco", "question": 23, "value": 2, "recommendations": []}, "model": "polls.choice", "pk": 77}, {"fields": {"text": "Se corresponden medianamente", "question": 23, "value": 3, "recommendations": []}, "model": "polls.choice", "pk": 78}, {"fields": {"text": "Se corresponde totalmente", "question": 23, "value": 4, "recommendations": []}, "model": "polls.choice", "pk": 79}, {"fields": {"text": "Malo", "question": 24, "value": 1, "recommendations": []}, "model": "polls.choice", "pk": 80}, {"fields": {"text": "Regular", "question": 24, "value": 2, "recommendations": []}, "model": "polls.choice", "pk": 81}, {"fields": {"text": "Bueno", "question": 24, "value": 3, "recommendations": []}, "model": "polls.choice", "pk": 82}, {"fields": {"text": "Excelente", "question": 24, "value": 4, "recommendations": []}, "model": "polls.choice", "pk": 83}, {"fields": {"text": "Malo", "question": 25, "value": 1, "recommendations": []}, "model": "polls.choice", "pk": 84}, {"fields": {"text": "Regular", "question": 25, "value": 2, "recommendations": []}, "model": "polls.choice", "pk": 85}, {"fields": {"text": "Bueno", "question": 25, "value": 3, "recommendations": []}, "model": "polls.choice", "pk": 86}, {"fields": {"text": "Excelente", "question": 25, "value": 4, "recommendations": []}, "model": "polls.choice", "pk": 87}, {"fields": {"text": "No existe demarcaci\u00f3n del pavimento y/o se\u00f1alizaci\u00f3n vial", "question": 26, "value": 1, "recommendations": []}, "model": "polls.choice", "pk": 88}, {"fields": {"text": "Existe demarcaci\u00f3n del pavimento y se\u00f1alizaci\u00f3n vial en algunas zonas del sector", "question": 26, "value": 2, "recommendations": []}, "model": "polls.choice", "pk": 89}, {"fields": {"text": "Existe demarcaci\u00f3n del pavimento y se\u00f1alizaci\u00f3n vial en todo el sector", "question": 26, "value": 3, "recommendations": []}, "model": "polls.choice", "pk": 90}, {"fields": {"text": "Existe demarcaci\u00f3n del pavimento y se\u00f1alizaci\u00f3n vial en todo el sector y es \u00f3ptimo", "question": 26, "value": 4, "recommendations": []}, "model": "polls.choice", "pk": 91}, {"fields": {"text": "Residencial", "question": 27, "value": 1, "recommendations": []}, "model": "polls.choice", "pk": 92}, {"fields": {"text": "Comercial y Residencial", "question": 27, "value": 2, "recommendations": []}, "model": "polls.choice", "pk": 93}, {"fields": {"text": "Comercial", "question": 27, "value": 3, "recommendations": []}, "model": "polls.choice", "pk": 94}, {"fields": {"text": "Comercial, Residencial y de Servicios Institucionales", "question": 27, "value": 4, "recommendations": []}, "model": "polls.choice", "pk": 95}, {"fields": {"text": "No se corresponden", "question": 28, "value": 1, "recommendations": []}, "model": "polls.choice", "pk": 96}, {"fields": {"text": "Se corresponden poco", "question": 28, "value": 2, "recommendations": []}, "model": "polls.choice", "pk": 97}, {"fields": {"text": "Se corresponden medianamente", "question": 28, "value": 3, "recommendations": []}, "model": "polls.choice", "pk": 98}, {"fields": {"text": "Se corresponde totalmente", "question": 28, "value": 4, "recommendations": []}, "model": "polls.choice", "pk": 99}, {"fields": {"text": "Malo", "question": 29, "value": 1, "recommendations": []}, "model": "polls.choice", "pk": 100}, {"fields": {"text": "Regular", "question": 29, "value": 2, "recommendations": []}, "model": "polls.choice", "pk": 101}, {"fields": {"text": "Bueno", "question": 29, "value": 3, "recommendations": []}, "model": "polls.choice", "pk": 102}, {"fields": {"text": "Excelente", "question": 29, "value": 4, "recommendations": []}, "model": "polls.choice", "pk": 103}, {"fields": {"text": "No existe", "question": 30, "value": 1, "recommendations": []}, "model": "polls.choice", "pk": 104}, {"fields": {"text": "Existe a nivel Nacional", "question": 30, "value": 2, "recommendations": []}, "model": "polls.choice", "pk": 105}, {"fields": {"text": "Existe a nivel nacional y regional", "question": 30, "value": 3, "recommendations": []}, "model": "polls.choice", "pk": 106}, {"fields": {"text": "Existe en la localidad, a nivel regional y nacional", "question": 30, "value": 4, "recommendations": []}, "model": "polls.choice", "pk": 107}, {"fields": {"text": "No existe", "question": 31, "value": 1, "recommendations": []}, "model": "polls.choice", "pk": 108}, {"fields": {"text": "Existe a nivel Nacional", "question": 31, "value": 2, "recommendations": []}, "model": "polls.choice", "pk": 109}, {"fields": {"text": "Existe a nivel nacional y regional", "question": 31, "value": 3, "recommendations": []}, "model": "polls.choice", "pk": 110}, {"fields": {"text": "Existe en la localidad, a nivel regional y nacional", "question": 31, "value": 4, "recommendations": []}, "model": "polls.choice", "pk": 111}, {"fields": {"text": "No existe", "question": 32, "value": 1, "recommendations": []}, "model": "polls.choice", "pk": 112}, {"fields": {"text": "Existe a nivel Nacional", "question": 32, "value": 2, "recommendations": []}, "model": "polls.choice", "pk": 113}, {"fields": {"text": "Existe a nivel Nacional y Regional", "question": 32, "value": 3, "recommendations": []}, "model": "polls.choice", "pk": 114}, {"fields": {"text": "Existe en Localidad, a nivel Regional y Nacional", "question": 32, "value": 4, "recommendations": []}, "model": "polls.choice", "pk": 115}, {"fields": {"text": "No existe", "question": 33, "value": 1, "recommendations": []}, "model": "polls.choice", "pk": 116}, {"fields": {"text": "Existe a nivel Nacional", "question": 33, "value": 2, "recommendations": []}, "model": "polls.choice", "pk": 117}, {"fields": {"text": "Existe a nivel Nacional y Regional", "question": 33, "value": 3, "recommendations": []}, "model": "polls.choice", "pk": 118}, {"fields": {"text": "Existe en Localidad, a nivel Regional y Nacional", "question": 33, "value": 4, "recommendations": []}, "model": "polls.choice", "pk": 119}, {"fields": {"text": "No existe", "question": 34, "value": 1, "recommendations": []}, "model": "polls.choice", "pk": 120}, {"fields": {"text": "Existe a nivel Nacional", "question": 34, "value": 2, "recommendations": []}, "model": "polls.choice", "pk": 121}, {"fields": {"text": "Existe a nivel nacional y regional", "question": 34, "value": 3, "recommendations": []}, "model": "polls.choice", "pk": 122}, {"fields": {"text": "Existe en la localidad, a nivel regional y nacional", "question": 34, "value": 4, "recommendations": []}, "model": "polls.choice", "pk": 123}, {"fields": {"text": "No existe", "question": 35, "value": 1, "recommendations": []}, "model": "polls.choice", "pk": 124}, {"fields": {"text": "Existe a nivel Nacional", "question": 35, "value": 2, "recommendations": []}, "model": "polls.choice", "pk": 125}, {"fields": {"text": "Existe a nivel Nacional y Regional", "question": 35, "value": 3, "recommendations": []}, "model": "polls.choice", "pk": 126}, {"fields": {"text": "Existe en Localidad, a nivel Regional y Nacional", "question": 35, "value": 4, "recommendations": []}, "model": "polls.choice", "pk": 127}, {"fields": {"text": "No existe", "question": 36, "value": 1, "recommendations": []}, "model": "polls.choice", "pk": 128}, {"fields": {"text": "Existe a nivel Nacional", "question": 36, "value": 2, "recommendations": []}, "model": "polls.choice", "pk": 129}, {"fields": {"text": "Existe a nivel nacional y regional", "question": 36, "value": 3, "recommendations": []}, "model": "polls.choice", "pk": 130}, {"fields": {"text": "Existe en la localidad, a nivel regional y nacional", "question": 36, "value": 4, "recommendations": []}, "model": "polls.choice", "pk": 131}, {"fields": {"text": "No existe", "question": 37, "value": 1, "recommendations": []}, "model": "polls.choice", "pk": 132}, {"fields": {"text": "Existe a nivel Nacional", "question": 37, "value": 2, "recommendations": []}, "model": "polls.choice", "pk": 133}, {"fields": {"text": "Existe a nivel nacional y regional", "question": 37, "value": 3, "recommendations": []}, "model": "polls.choice", "pk": 134}, {"fields": {"text": "Existe en la localidad, a nivel regional y nacional", "question": 37, "value": 4, "recommendations": []}, "model": "polls.choice", "pk": 135}, {"fields": {"text": "No existe", "question": 38, "value": 1, "recommendations": []}, "model": "polls.choice", "pk": 136}, {"fields": {"text": "Existe a nivel Nacional", "question": 38, "value": 2, "recommendations": []}, "model": "polls.choice", "pk": 137}, {"fields": {"text": "Existe a nivel Nacional y Regional", "question": 38, "value": 3, "recommendations": []}, "model": "polls.choice", "pk": 138}, {"fields": {"text": "Existe en Localidad, a nivel Regional y Nacional", "question": 38, "value": 4, "recommendations": []}, "model": "polls.choice", "pk": 139}, {"fields": {"text": "No existe", "question": 39, "value": 1, "recommendations": []}, "model": "polls.choice", "pk": 140}, {"fields": {"text": "Existe a nivel Nacional", "question": 39, "value": 2, "recommendations": []}, "model": "polls.choice", "pk": 141}, {"fields": {"text": "Existe a nivel nacional y regional", "question": 39, "value": 3, "recommendations": []}, "model": "polls.choice", "pk": 142}, {"fields": {"text": "Existe en la localidad, a nivel regional y nacional", "question": 39, "value": 4, "recommendations": []}, "model": "polls.choice", "pk": 143}, {"fields": {"text": "No existe", "question": 40, "value": 1, "recommendations": []}, "model": "polls.choice", "pk": 144}, {"fields": {"text": "Existe a nivel Nacional", "question": 40, "value": 2, "recommendations": []}, "model": "polls.choice", "pk": 145}, {"fields": {"text": "Existe a nivel Nacional y Regional", "question": 40, "value": 3, "recommendations": []}, "model": "polls.choice", "pk": 146}, {"fields": {"text": "Existe en Localidad, a nivel Regional y Nacional", "question": 40, "value": 4, "recommendations": []}, "model": "polls.choice", "pk": 147}, {"fields": {"text": "No existe", "question": 41, "value": 1, "recommendations": []}, "model": "polls.choice", "pk": 148}, {"fields": {"text": "Existe a nivel Nacional", "question": 41, "value": 2, "recommendations": []}, "model": "polls.choice", "pk": 149}, {"fields": {"text": "Existe a nivel Nacional y Regional", "question": 41, "value": 3, "recommendations": []}, "model": "polls.choice", "pk": 150}, {"fields": {"text": "Existe en Localidad, a nivel Regional y Nacional", "question": 41, "value": 4, "recommendations": []}, "model": "polls.choice", "pk": 151}, {"fields": {"text": "Ten los n\u00fameros de los organismos p\u00fablicos a la mano, siempre presentes"}, "model": "polls.tip", "pk": 3}, {"fields": {"text": "Procura mantener las v\u00edas de escape sin obst\u00e1culos y bien definidas"}, "model": "polls.tip", "pk": 4}, {"fields": {"codename": "add_logentry", "name": "Can add log entry", "content_type": 1}, "model": "auth.permission", "pk": 1}, {"fields": {"codename": "change_logentry", "name": "Can change log entry", "content_type": 1}, "model": "auth.permission", "pk": 2}, {"fields": {"codename": "delete_logentry", "name": "Can delete log entry", "content_type": 1}, "model": "auth.permission", "pk": 3}, {"fields": {"codename": "add_permission", "name": "Can add permission", "content_type": 2}, "model": "auth.permission", "pk": 4}, {"fields": {"codename": "change_permission", "name": "Can change permission", "content_type": 2}, "model": "auth.permission", "pk": 5}, {"fields": {"codename": "delete_permission", "name": "Can delete permission", "content_type": 2}, "model": "auth.permission", "pk": 6}, {"fields": {"codename": "add_group", "name": "Can add group", "content_type": 3}, "model": "auth.permission", "pk": 7}, {"fields": {"codename": "change_group", "name": "Can change group", "content_type": 3}, "model": "auth.permission", "pk": 8}, {"fields": {"codename": "delete_group", "name": "Can delete group", "content_type": 3}, "model": "auth.permission", "pk": 9}, {"fields": {"codename": "add_user", "name": "Can add user", "content_type": 4}, "model": "auth.permission", "pk": 10}, {"fields": {"codename": "change_user", "name": "Can change user", "content_type": 4}, "model": "auth.permission", "pk": 11}, {"fields": {"codename": "delete_user", "name": "Can delete user", "content_type": 4}, "model": "auth.permission", "pk": 12}, {"fields": {"codename": "add_contenttype", "name": "Can add content type", "content_type": 5}, "model": "auth.permission", "pk": 13}, {"fields": {"codename": "change_contenttype", "name": "Can change content type", "content_type": 5}, "model": "auth.permission", "pk": 14}, {"fields": {"codename": "delete_contenttype", "name": "Can delete content type", "content_type": 5}, "model": "auth.permission", "pk": 15}, {"fields": {"codename": "add_session", "name": "Can add session", "content_type": 6}, "model": "auth.permission", "pk": 16}, {"fields": {"codename": "change_session", "name": "Can change session", "content_type": 6}, "model": "auth.permission", "pk": 17}, {"fields": {"codename": "delete_session", "name": "Can delete session", "content_type": 6}, "model": "auth.permission", "pk": 18}, {"fields": {"codename": "add_poll", "name": "Can add poll", "content_type": 7}, "model": "auth.permission", "pk": 19}, {"fields": {"codename": "change_poll", "name": "Can change poll", "content_type": 7}, "model": "auth.permission", "pk": 20}, {"fields": {"codename": "delete_poll", "name": "Can delete poll", "content_type": 7}, "model": "auth.permission", "pk": 21}, {"fields": {"codename": "add_category", "name": "Can add category", "content_type": 8}, "model": "auth.permission", "pk": 22}, {"fields": {"codename": "change_category", "name": "Can change category", "content_type": 8}, "model": "auth.permission", "pk": 23}, {"fields": {"codename": "delete_category", "name": "Can delete category", "content_type": 8}, "model": "auth.permission", "pk": 24}, {"fields": {"codename": "add_question", "name": "Can add question", "content_type": 9}, "model": "auth.permission", "pk": 25}, {"fields": {"codename": "change_question", "name": "Can change question", "content_type": 9}, "model": "auth.permission", "pk": 26}, {"fields": {"codename": "delete_question", "name": "Can delete question", "content_type": 9}, "model": "auth.permission", "pk": 27}, {"fields": {"codename": "add_choice", "name": "Can add choice", "content_type": 10}, "model": "auth.permission", "pk": 28}, {"fields": {"codename": "change_choice", "name": "Can change choice", "content_type": 10}, "model": "auth.permission", "pk": 29}, {"fields": {"codename": "delete_choice", "name": "Can delete choice", "content_type": 10}, "model": "auth.permission", "pk": 30}, {"fields": {"codename": "add_recommendation", "name": "Can add recommendation", "content_type": 11}, "model": "auth.permission", "pk": 31}, {"fields": {"codename": "change_recommendation", "name": "Can change recommendation", "content_type": 11}, "model": "auth.permission", "pk": 32}, {"fields": {"codename": "delete_recommendation", "name": "Can delete recommendation", "content_type": 11}, "model": "auth.permission", "pk": 33}, {"fields": {"codename": "add_answer", "name": "Can add answer", "content_type": 12}, "model": "auth.permission", "pk": 34}, {"fields": {"codename": "change_answer", "name": "Can change answer", "content_type": 12}, "model": "auth.permission", "pk": 35}, {"fields": {"codename": "delete_answer", "name": "Can delete answer", "content_type": 12}, "model": "auth.permission", "pk": 36}, {"fields": {"codename": "add_tip", "name": "Can add Tip", "content_type": 13}, "model": "auth.permission", "pk": 37}, {"fields": {"codename": "change_tip", "name": "Can change Tip", "content_type": 13}, "model": "auth.permission", "pk": 38}, {"fields": {"codename": "delete_tip", "name": "Can delete Tip", "content_type": 13}, "model": "auth.permission", "pk": 39}, {"fields": {"codename": "add_corsmodel", "name": "Can add cors model", "content_type": 14}, "model": "auth.permission", "pk": 40}, {"fields": {"codename": "change_corsmodel", "name": "Can change cors model", "content_type": 14}, "model": "auth.permission", "pk": 41}, {"fields": {"codename": "delete_corsmodel", "name": "Can delete cors model", "content_type": 14}, "model": "auth.permission", "pk": 42}, {"fields": {"username": "admin", "first_name": "", "last_name": "", "is_active": true, "is_superuser": true, "is_staff": true, "last_login": "2016-08-02T23:40:05.799Z", "groups": [], "user_permissions": [], "password": "pbkdf2_sha256$24000$khsdMJRP89v3$jrC1JnwkvTVs/jIDWYdENEeiD8NXhWIIDayt6/ylIyA=", "email": "", "date_joined": "2016-07-22T04:58:51.497Z"}, "model": "auth.user", "pk": 1}, {"fields": {"action_flag": 1, "action_time": "2016-07-22T05:01:34.500Z", "object_repr": "Poll object", "object_id": "1", "change_message": "", "user": 1, "content_type": 7}, "model": "admin.logentry", "pk": 1}, {"fields": {"action_flag": 1, "action_time": "2016-07-22T05:04:20.062Z", "object_repr": "Category object", "object_id": "1", "change_message": "", "user": 1, "content_type": 8}, "model": "admin.logentry", "pk": 2}, {"fields": {"action_flag": 1, "action_time": "2016-07-22T05:06:36.754Z", "object_repr": "Question : Existen arboles caidos cerca de su casa?", "object_id": "1", "change_message": "", "user": 1, "content_type": 9}, "model": "admin.logentry", "pk": 3}, {"fields": {"action_flag": 3, "action_time": "2016-07-22T05:44:57.614Z", "object_repr": "Question : Existen arboles caidos cerca de su casa?", "object_id": "1", "change_message": "", "user": 1, "content_type": 9}, "model": "admin.logentry", "pk": 4}, {"fields": {"action_flag": 1, "action_time": "2016-07-25T12:02:45.194Z", "object_repr": "Sanidad", "object_id": "2", "change_message": "A\u00f1adido.", "user": 1, "content_type": 8}, "model": "admin.logentry", "pk": 5}, {"fields": {"action_flag": 1, "action_time": "2016-07-25T12:02:52.860Z", "object_repr": "Geograf\u00eda", "object_id": "3", "change_message": "A\u00f1adido.", "user": 1, "content_type": 8}, "model": "admin.logentry", "pk": 6}, {"fields": {"action_flag": 1, "action_time": "2016-07-25T12:09:37.003Z", "object_repr": "Question : Existen arboles caidos cerca de su casa?", "object_id": "2", "change_message": "A\u00f1adido. A\u00f1adido/a \"Answer of question Existen ar :: Si\" choice. A\u00f1adido/a \"Answer of question Existen ar :: No\" choice.", "user": 1, "content_type": 9}, "model": "admin.logentry", "pk": 7}, {"fields": {"action_flag": 1, "action_time": "2016-07-25T12:12:19.454Z", "object_repr": "Cantidad de alcantarillas tapadas en la v\u00eda", "object_id": "3", "change_message": "A\u00f1adido. A\u00f1adido/a \"Cantidad d :: Menos de 3\" choice. A\u00f1adido/a \"Cantidad d :: Entre 3 y \" choice. A\u00f1adido/a \"Cantidad d :: Mas de 5\" choice. A\u00f1adido/a \"Cantidad d :: Cero\" choice.", "user": 1, "content_type": 9}, "model": "admin.logentry", "pk": 8}, {"fields": {"action_flag": 1, "action_time": "2016-07-25T12:12:57.975Z", "object_repr": "Existen vertederos de basura descontrolados?", "object_id": "4", "change_message": "A\u00f1adido. A\u00f1adido/a \"Existen ve :: Si\" choice. A\u00f1adido/a \"Existen ve :: No\" choice.", "user": 1, "content_type": 9}, "model": "admin.logentry", "pk": 9}, {"fields": {"action_flag": 1, "action_time": "2016-07-25T12:13:30.464Z", "object_repr": "Vive usted en una zona debidamente pavimentada?", "object_id": "5", "change_message": "A\u00f1adido. A\u00f1adido/a \"Vive usted :: Si\" choice. A\u00f1adido/a \"Vive usted :: No\" choice.", "user": 1, "content_type": 9}, "model": "admin.logentry", "pk": 10}, {"fields": {"action_flag": 1, "action_time": "2016-07-25T12:15:12.432Z", "object_repr": "Puede ver \u00e1rboles con grandes ra\u00edces en la zona?", "object_id": "6", "change_message": "A\u00f1adido. A\u00f1adido/a \"Puede ver  :: Si\" choice. A\u00f1adido/a \"Puede ver  :: No\" choice.", "user": 1, "content_type": 9}, "model": "admin.logentry", "pk": 11}, {"fields": {"action_flag": 1, "action_time": "2016-07-25T12:17:16.560Z", "object_repr": "admin Cantidad d Entre 3 y ", "object_id": "1", "change_message": "A\u00f1adido.", "user": 1, "content_type": 12}, "model": "admin.logentry", "pk": 12}, {"fields": {"action_flag": 1, "action_time": "2016-07-25T12:17:53.378Z", "object_repr": "admin Existen ar No", "object_id": "2", "change_message": "A\u00f1adido.", "user": 1, "content_type": 12}, "model": "admin.logentry", "pk": 13}, {"fields": {"action_flag": 1, "action_time": "2016-07-25T12:18:18.503Z", "object_repr": "admin Existen ve Si", "object_id": "3", "change_message": "A\u00f1adido.", "user": 1, "content_type": 12}, "model": "admin.logentry", "pk": 14}, {"fields": {"action_flag": 1, "action_time": "2016-07-25T12:18:33.765Z", "object_repr": "admin Vive usted Si", "object_id": "4", "change_message": "A\u00f1adido.", "user": 1, "content_type": 12}, "model": "admin.logentry", "pk": 15}, {"fields": {"action_flag": 2, "action_time": "2016-07-25T13:48:03.776Z", "object_repr": "Cantidad de alcantarillas tapadas en la v\u00eda", "object_id": "3", "change_message": "Modificados text para \"Cantidad de alcantarillas tapadas en la v\u00eda :: Entre 1 y 3\" Choice. Modificados text para \"Cantidad de alcantarillas tapadas en la v\u00eda :: Entre 4 y 6\" Choice. Modificados text para \"Cantidad de alcantarillas tapadas en la v\u00eda :: Mas de 6\" Choice.", "user": 1, "content_type": 9}, "model": "admin.logentry", "pk": 16}, {"fields": {"action_flag": 2, "action_time": "2016-07-26T00:08:21.959Z", "object_repr": "Cantidad de alcantarillas tapadas en la v\u00eda", "object_id": "3", "change_message": "Modificados text y value para \"Cantidad de alcantarillas tapadas en la v\u00eda :: Cero\" Opcion. Modificados text y value para \"Cantidad de alcantarillas tapadas en la v\u00eda :: Una\" Opcion. Modificados text y value para \"Cantidad de alcantarillas tapadas en la v\u00eda :: Dos\" Opcion. Modificados text y value para \"Cantidad de alcantarillas tapadas en la v\u00eda :: Mas de dos\" Opcion.", "user": 1, "content_type": 9}, "model": "admin.logentry", "pk": 17}, {"fields": {"action_flag": 1, "action_time": "2016-07-26T00:11:43.952Z", "object_repr": "Comunicarse con los bomberos al numero 0212-xxx-yy-zz", "object_id": "1", "change_message": "A\u00f1adido.", "user": 1, "content_type": 11}, "model": "admin.logentry", "pk": 18}, {"fields": {"action_flag": 1, "action_time": "2016-07-26T00:40:56.856Z", "object_repr": "Fisica", "object_id": "2", "change_message": "A\u00f1adido.", "user": 1, "content_type": 7}, "model": "admin.logentry", "pk": 19}, {"fields": {"action_flag": 1, "action_time": "2016-07-26T00:41:02.843Z", "object_repr": "Social", "object_id": "3", "change_message": "A\u00f1adido.", "user": 1, "content_type": 7}, "model": "admin.logentry", "pk": 20}, {"fields": {"action_flag": 1, "action_time": "2016-07-26T00:41:10.407Z", "object_repr": "Politica", "object_id": "4", "change_message": "A\u00f1adido.", "user": 1, "content_type": 7}, "model": "admin.logentry", "pk": 21}, {"fields": {"action_flag": 1, "action_time": "2016-07-26T00:41:54.511Z", "object_repr": "Economica", "object_id": "5", "change_message": "A\u00f1adido.", "user": 1, "content_type": 7}, "model": "admin.logentry", "pk": 22}, {"fields": {"action_flag": 2, "action_time": "2016-07-26T00:42:07.588Z", "object_repr": "Politico-Institucional", "object_id": "4", "change_message": "Modificado/a name.", "user": 1, "content_type": 7}, "model": "admin.logentry", "pk": 23}, {"fields": {"action_flag": 1, "action_time": "2016-07-26T04:05:06.343Z", "object_repr": "Llamar a la alcald\u00eda correspondiente a su municipio para solicitar apoyo log\u00edstico", "object_id": "2", "change_message": "A\u00f1adido.", "user": 1, "content_type": 11}, "model": "admin.logentry", "pk": 24}, {"fields": {"action_flag": 2, "action_time": "2016-07-26T04:05:12.388Z", "object_repr": "Puede ver \u00e1rboles con grandes ra\u00edces en la zona?", "object_id": "6", "change_message": "Modificados recommendations para \"Puede ver \u00e1rboles con grandes ra\u00edces en la zona? :: Si\" Opcion.", "user": 1, "content_type": 9}, "model": "admin.logentry", "pk": 25}, {"fields": {"action_flag": 1, "action_time": "2016-07-26T04:33:27.330Z", "object_repr": "Cuanto tiempo tiene su vivienda de haber sido construida?", "object_id": "7", "change_message": "A\u00f1adido. A\u00f1adido/a \"Cuanto tiempo tiene su vivienda de haber sido construida? :: Menos de 10 anios\" Opcion. A\u00f1adido/a \"Cuanto tiempo tiene su vivienda de haber sido construida? :: Entre 10 y 30 anios\" Opcion. A\u00f1adido/a \"Cuanto tiempo tiene su vivienda de haber sido construida? :: Entre 30 y 40 anios\" Opcion.", "user": 1, "content_type": 9}, "model": "admin.logentry", "pk": 26}, {"fields": {"action_flag": 1, "action_time": "2016-07-26T06:13:55.605Z", "object_repr": "Tip object", "object_id": "1", "change_message": "A\u00f1adido.", "user": 1, "content_type": 13}, "model": "admin.logentry", "pk": 27}, {"fields": {"action_flag": 1, "action_time": "2016-07-26T06:15:01.859Z", "object_repr": "Procure notificar a los entes gubernamentales al notar cualquier irregularidad con las v\u00edas de acceso a su casa", "object_id": "2", "change_message": "A\u00f1adido.", "user": 1, "content_type": 13}, "model": "admin.logentry", "pk": 28}, {"fields": {"action_flag": 1, "action_time": "2016-08-02T22:54:59.542Z", "object_repr": "Lineas Vitales", "object_id": "4", "change_message": "A\u00f1adido.", "user": 1, "content_type": 8}, "model": "admin.logentry", "pk": 29}, {"fields": {"action_flag": 1, "action_time": "2016-08-02T22:55:11.482Z", "object_repr": "Vivienda", "object_id": "5", "change_message": "A\u00f1adido.", "user": 1, "content_type": 8}, "model": "admin.logentry", "pk": 30}, {"fields": {"action_flag": 1, "action_time": "2016-08-02T22:55:21.081Z", "object_repr": "Configuracion de la ciudad", "object_id": "6", "change_message": "A\u00f1adido.", "user": 1, "content_type": 8}, "model": "admin.logentry", "pk": 31}, {"fields": {"action_flag": 3, "action_time": "2016-08-02T22:57:57.815Z", "object_repr": "admin : Vive usted en una zona debidamente pavimentada? : Si", "object_id": "4", "change_message": "", "user": 1, "content_type": 12}, "model": "admin.logentry", "pk": 32}, {"fields": {"action_flag": 3, "action_time": "2016-08-02T22:57:57.892Z", "object_repr": "admin : Existen vertederos de basura descontrolados? : Si", "object_id": "3", "change_message": "", "user": 1, "content_type": 12}, "model": "admin.logentry", "pk": 33}, {"fields": {"action_flag": 3, "action_time": "2016-08-02T22:57:57.980Z", "object_repr": "admin : Existen arboles caidos cerca de su casa? : No", "object_id": "2", "change_message": "", "user": 1, "content_type": 12}, "model": "admin.logentry", "pk": 34}, {"fields": {"action_flag": 3, "action_time": "2016-08-02T22:57:58.058Z", "object_repr": "admin : Cantidad de alcantarillas tapadas en la v\u00eda : Una", "object_id": "1", "change_message": "", "user": 1, "content_type": 12}, "model": "admin.logentry", "pk": 35}, {"fields": {"action_flag": 3, "action_time": "2016-08-02T22:58:13.208Z", "object_repr": "Configuracion de la ciudad", "object_id": "6", "change_message": "", "user": 1, "content_type": 8}, "model": "admin.logentry", "pk": 36}, {"fields": {"action_flag": 3, "action_time": "2016-08-02T22:58:13.290Z", "object_repr": "Vivienda", "object_id": "5", "change_message": "", "user": 1, "content_type": 8}, "model": "admin.logentry", "pk": 37}, {"fields": {"action_flag": 3, "action_time": "2016-08-02T22:58:13.368Z", "object_repr": "Lineas Vitales", "object_id": "4", "change_message": "", "user": 1, "content_type": 8}, "model": "admin.logentry", "pk": 38}, {"fields": {"action_flag": 3, "action_time": "2016-08-02T22:58:13.445Z", "object_repr": "Geograf\u00eda", "object_id": "3", "change_message": "", "user": 1, "content_type": 8}, "model": "admin.logentry", "pk": 39}, {"fields": {"action_flag": 3, "action_time": "2016-08-02T22:58:13.549Z", "object_repr": "Sanidad", "object_id": "2", "change_message": "", "user": 1, "content_type": 8}, "model": "admin.logentry", "pk": 40}, {"fields": {"action_flag": 3, "action_time": "2016-08-02T22:58:13.673Z", "object_repr": "Vialidad", "object_id": "1", "change_message": "", "user": 1, "content_type": 8}, "model": "admin.logentry", "pk": 41}, {"fields": {"action_flag": 3, "action_time": "2016-08-02T22:58:26.133Z", "object_repr": "Economica", "object_id": "5", "change_message": "", "user": 1, "content_type": 7}, "model": "admin.logentry", "pk": 42}, {"fields": {"action_flag": 3, "action_time": "2016-08-02T22:58:26.231Z", "object_repr": "Politico-Institucional", "object_id": "4", "change_message": "", "user": 1, "content_type": 7}, "model": "admin.logentry", "pk": 43}, {"fields": {"action_flag": 3, "action_time": "2016-08-02T22:58:26.297Z", "object_repr": "Social", "object_id": "3", "change_message": "", "user": 1, "content_type": 7}, "model": "admin.logentry", "pk": 44}, {"fields": {"action_flag": 3, "action_time": "2016-08-02T22:58:26.397Z", "object_repr": "Fisica", "object_id": "2", "change_message": "", "user": 1, "content_type": 7}, "model": "admin.logentry", "pk": 45}, {"fields": {"action_flag": 3, "action_time": "2016-08-02T22:58:26.496Z", "object_repr": "Encuesta 1", "object_id": "1", "change_message": "", "user": 1, "content_type": 7}, "model": "admin.logentry", "pk": 46}, {"fields": {"action_flag": 3, "action_time": "2016-08-02T22:58:56.392Z", "object_repr": "Procure notificar a los entes gubernamentales al notar cualquier irregularidad con las v\u00edas de acceso a su casa", "object_id": "2", "change_message": "", "user": 1, "content_type": 13}, "model": "admin.logentry", "pk": 47}, {"fields": {"action_flag": 3, "action_time": "2016-08-02T22:58:56.485Z", "object_repr": "Mantenga siempre su residencia bajo chequeo profesional, debe concentrar los recursos en buscar fisuras en las paredes, terreno que cede con el tiempo, se\u00f1ales humedad", "object_id": "1", "change_message": "", "user": 1, "content_type": 13}, "model": "admin.logentry", "pk": 48}, {"fields": {"action_flag": 1, "action_time": "2016-08-02T23:01:13.128Z", "object_repr": "Lineas Vitales", "object_id": "7", "change_message": "A\u00f1adido.", "user": 1, "content_type": 8}, "model": "admin.logentry", "pk": 49}, {"fields": {"action_flag": 1, "action_time": "2016-08-02T23:01:19.149Z", "object_repr": "Vivienda", "object_id": "8", "change_message": "A\u00f1adido.", "user": 1, "content_type": 8}, "model": "admin.logentry", "pk": 50}, {"fields": {"action_flag": 1, "action_time": "2016-08-02T23:01:28.833Z", "object_repr": "Configuracion de la ciudad", "object_id": "9", "change_message": "A\u00f1adido.", "user": 1, "content_type": 8}, "model": "admin.logentry", "pk": 51}, {"fields": {"action_flag": 1, "action_time": "2016-08-02T23:01:34.172Z", "object_repr": "Movilidad", "object_id": "10", "change_message": "A\u00f1adido.", "user": 1, "content_type": 8}, "model": "admin.logentry", "pk": 52}, {"fields": {"action_flag": 1, "action_time": "2016-08-02T23:02:53.990Z", "object_repr": "Instalaciones escenciales", "object_id": "11", "change_message": "A\u00f1adido.", "user": 1, "content_type": 8}, "model": "admin.logentry", "pk": 53}, {"fields": {"action_flag": 1, "action_time": "2016-08-02T23:07:20.609Z", "object_repr": "Vulnerabilidad Fisica", "object_id": "6", "change_message": "A\u00f1adido.", "user": 1, "content_type": 7}, "model": "admin.logentry", "pk": 54}, {"fields": {"action_flag": 1, "action_time": "2016-08-02T23:08:19.698Z", "object_repr": "\u00bfC\u00f3mo considera el estado de los acueductos?", "object_id": "8", "change_message": "A\u00f1adido. A\u00f1adido/a \"\u00bfC\u00f3mo considera el estado de los acueductos? :: Malo\" Opcion. A\u00f1adido/a \"\u00bfC\u00f3mo considera el estado de los acueductos? :: Regular\" Opcion. A\u00f1adido/a \"\u00bfC\u00f3mo considera el estado de los acueductos? :: Bueno\" Opcion. A\u00f1adido/a \"\u00bfC\u00f3mo considera el estado de los acueductos? :: Excelente\" Opcion.", "user": 1, "content_type": 9}, "model": "admin.logentry", "pk": 55}, {"fields": {"action_flag": 1, "action_time": "2016-08-02T23:10:34.635Z", "object_repr": "Eval\u00fae el estado en el que se encuentran las cloacas de su comunidad:", "object_id": "9", "change_message": "A\u00f1adido. A\u00f1adido/a \"Eval\u00fae el estado en el que se encuentran las cloacas de su comunidad: :: Malo\" Opcion. A\u00f1adido/a \"Eval\u00fae el estado en el que se encuentran las cloacas de su comunidad: :: Regular\" Opcion. A\u00f1adido/a \"Eval\u00fae el estado en el que se encuentran las cloacas de su comunidad: :: Bueno\" Opcion. A\u00f1adido/a \"Eval\u00fae el estado en el que se encuentran las cloacas de su comunidad: :: Excelente\" Opcion.", "user": 1, "content_type": 9}, "model": "admin.logentry", "pk": 56}, {"fields": {"action_flag": 1, "action_time": "2016-08-02T23:11:12.929Z", "object_repr": "Dir\u00eda usted que el estado de los drenajes de su comunidad, es:", "object_id": "10", "change_message": "A\u00f1adido. A\u00f1adido/a \"Dir\u00eda usted que el estado de los drenajes de su comunidad, es: :: Malo\" Opcion. A\u00f1adido/a \"Dir\u00eda usted que el estado de los drenajes de su comunidad, es: :: Regular\" Opcion. A\u00f1adido/a \"Dir\u00eda usted que el estado de los drenajes de su comunidad, es: :: Bueno\" Opcion. A\u00f1adido/a \"Dir\u00eda usted que el estado de los drenajes de su comunidad, es: :: Excelente\" Opcion.", "user": 1, "content_type": 9}, "model": "admin.logentry", "pk": 57}, {"fields": {"action_flag": 1, "action_time": "2016-08-02T23:11:49.638Z", "object_repr": "Usted considerar\u00eda el servicio de Gas en su comunidad, es:", "object_id": "11", "change_message": "A\u00f1adido. A\u00f1adido/a \"Usted considerar\u00eda el servicio de Gas en su comunidad, es: :: Malo\" Opcion. A\u00f1adido/a \"Usted considerar\u00eda el servicio de Gas en su comunidad, es: :: Regular\" Opcion. A\u00f1adido/a \"Usted considerar\u00eda el servicio de Gas en su comunidad, es: :: Bueno\" Opcion. A\u00f1adido/a \"Usted considerar\u00eda el servicio de Gas en su comunidad, es: :: Excelente\" Opcion.", "user": 1, "content_type": 9}, "model": "admin.logentry", "pk": 58}, {"fields": {"action_flag": 1, "action_time": "2016-08-02T23:12:20.919Z", "object_repr": "Dir\u00eda usted que el servicio de Electricidad de su comunidad, es:", "object_id": "12", "change_message": "A\u00f1adido. A\u00f1adido/a \"Dir\u00eda usted que el servicio de Electricidad de su comunidad, es: :: Malo`\" Opcion. A\u00f1adido/a \"Dir\u00eda usted que el servicio de Electricidad de su comunidad, es: :: Regular\" Opcion. A\u00f1adido/a \"Dir\u00eda usted que el servicio de Electricidad de su comunidad, es: :: Bueno\" Opcion. A\u00f1adido/a \"Dir\u00eda usted que el servicio de Electricidad de su comunidad, es: :: Excelente\" Opcion.", "user": 1, "content_type": 9}, "model": "admin.logentry", "pk": 59}, {"fields": {"action_flag": 1, "action_time": "2016-08-02T23:12:54.815Z", "object_repr": "Usted considerar\u00eda el servicio de Telecomunicaciones (tel\u00e9fono, internet) en su  comunidad, es:", "object_id": "13", "change_message": "A\u00f1adido. A\u00f1adido/a \"Usted considerar\u00eda el servicio de Telecomunicaciones (tel\u00e9fono, internet) en su  comunidad, es: :: Malo\" Opcion. A\u00f1adido/a \"Usted considerar\u00eda el servicio de Telecomunicaciones (tel\u00e9fono, internet) en su  comunidad, es: :: Regular\" Opcion. A\u00f1adido/a \"Usted considerar\u00eda el servicio de Telecomunicaciones (tel\u00e9fono, internet) en su  comunidad, es: :: Bueno\" Opcion. A\u00f1adido/a \"Usted considerar\u00eda el servicio de Telecomunicaciones (tel\u00e9fono, internet) en su  comunidad, es: :: Excelente\" Opcion.", "user": 1, "content_type": 9}, "model": "admin.logentry", "pk": 60}, {"fields": {"action_flag": 1, "action_time": "2016-08-02T23:13:28.206Z", "object_repr": "\u00bfC\u00f3mo es el servicio de transporte p\u00fablico?", "object_id": "14", "change_message": "A\u00f1adido. A\u00f1adido/a \"\u00bfC\u00f3mo es el servicio de transporte p\u00fablico? :: Malo\" Opcion. A\u00f1adido/a \"\u00bfC\u00f3mo es el servicio de transporte p\u00fablico? :: Regular\" Opcion. A\u00f1adido/a \"\u00bfC\u00f3mo es el servicio de transporte p\u00fablico? :: Bueno\" Opcion. A\u00f1adido/a \"\u00bfC\u00f3mo es el servicio de transporte p\u00fablico? :: Excelente\" Opcion.", "user": 1, "content_type": 9}, "model": "admin.logentry", "pk": 61}, {"fields": {"action_flag": 1, "action_time": "2016-08-02T23:14:04.609Z", "object_repr": "\u00bfEn qu\u00e9 condiciones se encuentra el servicio de Transporte de Carga en su  comunidad?", "object_id": "15", "change_message": "A\u00f1adido. A\u00f1adido/a \"\u00bfEn qu\u00e9 condiciones se encuentra el servicio de Transporte de Carga en su  comunidad? :: Malo\" Opcion. A\u00f1adido/a \"\u00bfEn qu\u00e9 condiciones se encuentra el servicio de Transporte de Carga en su  comunidad? :: Regular\" Opcion. A\u00f1adido/a \"\u00bfEn qu\u00e9 condiciones se encuentra el servicio de Transporte de Carga en su  comunidad? :: Bueno\" Opcion. A\u00f1adido/a \"\u00bfEn qu\u00e9 condiciones se encuentra el servicio de Transporte de Carga en su  comunidad? :: Excelente\" Opcion.", "user": 1, "content_type": 9}, "model": "admin.logentry", "pk": 62}, {"fields": {"action_flag": 1, "action_time": "2016-08-02T23:14:58.875Z", "object_repr": "\u00bfQu\u00e9 tipo de vivienda predomina m\u00e1s?", "object_id": "16", "change_message": "A\u00f1adido. A\u00f1adido/a \"\u00bfQu\u00e9 tipo de vivienda predomina m\u00e1s? :: Casas\" Opcion. A\u00f1adido/a \"\u00bfQu\u00e9 tipo de vivienda predomina m\u00e1s? :: Casas y Quintas\" Opcion. A\u00f1adido/a \"\u00bfQu\u00e9 tipo de vivienda predomina m\u00e1s? :: Solo Quintas\" Opcion. A\u00f1adido/a \"\u00bfQu\u00e9 tipo de vivienda predomina m\u00e1s? :: Casas, Quintas y Edificios\" Opcion.", "user": 1, "content_type": 9}, "model": "admin.logentry", "pk": 63}, {"fields": {"action_flag": 1, "action_time": "2016-08-02T23:15:30.236Z", "object_repr": "\u00bfQu\u00e9 tipo de vivienda predomina m\u00e1s?", "object_id": "17", "change_message": "A\u00f1adido. A\u00f1adido/a \"\u00bfQu\u00e9 tipo de vivienda predomina m\u00e1s? :: Malo\" Opcion. A\u00f1adido/a \"\u00bfQu\u00e9 tipo de vivienda predomina m\u00e1s? :: Regular\" Opcion. A\u00f1adido/a \"\u00bfQu\u00e9 tipo de vivienda predomina m\u00e1s? :: Bueno\" Opcion. A\u00f1adido/a \"\u00bfQu\u00e9 tipo de vivienda predomina m\u00e1s? :: Excelente\" Opcion.", "user": 1, "content_type": 9}, "model": "admin.logentry", "pk": 64}, {"fields": {"action_flag": 1, "action_time": "2016-08-02T23:15:50.850Z", "object_repr": "\u00bfCu\u00e1l es el modo de movilidad predominante en su comunidad?", "object_id": "18", "change_message": "A\u00f1adido. A\u00f1adido/a \"\u00bfCu\u00e1l es el modo de movilidad predominante en su comunidad? :: Exclusivamente peatonal\" Opcion. A\u00f1adido/a \"\u00bfCu\u00e1l es el modo de movilidad predominante en su comunidad? :: Peatonal y vehicular (particular)\" Opcion. A\u00f1adido/a \"\u00bfCu\u00e1l es el modo de movilidad predominante en su comunidad? :: Peatonal, transporte p\u00fablico y particular\" Opcion. A\u00f1adido/a \"\u00bfCu\u00e1l es el modo de movilidad predominante en su comunidad? :: Todos los modos urbanos (motorizado, taxi) y transporte publico\" Opcion.", "user": 1, "content_type": 9}, "model": "admin.logentry", "pk": 65}, {"fields": {"action_flag": 1, "action_time": "2016-08-02T23:18:44.251Z", "object_repr": "\u00bfC\u00f3mo es la conexi\u00f3n de su comunidad con el entorno inmediato a ella?", "object_id": "19", "change_message": "A\u00f1adido. A\u00f1adido/a \"\u00bfC\u00f3mo es la conexi\u00f3n de su comunidad con el entorno inmediato a ella? :: D\u00e9bil internamente y limitada con su entorno inmediato\" Opcion. A\u00f1adido/a \"\u00bfC\u00f3mo es la conexi\u00f3n de su comunidad con el entorno inmediato a ella? :: Moderada internamente y con su entorno inmediato\" Opcion. A\u00f1adido/a \"\u00bfC\u00f3mo es la conexi\u00f3n de su comunidad con el entorno inmediato a ella? :: Fuerte internamente y moderada con su entorno inmediato\" Opcion. A\u00f1adido/a \"\u00bfC\u00f3mo es la conexi\u00f3n de su comunidad con el entorno inmediato a ella? :: Fuerte internamente y fuerte con su entorno inmediato\" Opcion.", "user": 1, "content_type": 9}, "model": "admin.logentry", "pk": 66}, {"fields": {"action_flag": 1, "action_time": "2016-08-02T23:20:05.815Z", "object_repr": "\u00bfCu\u00e1ntos grupos familiares habitan por vivienda en promedio?", "object_id": "20", "change_message": "A\u00f1adido. A\u00f1adido/a \"\u00bfCu\u00e1ntos grupos familiares habitan por vivienda en promedio? :: M\u00e1s de tres (3) grupos familiares\" Opcion. A\u00f1adido/a \"\u00bfCu\u00e1ntos grupos familiares habitan por vivienda en promedio? :: Dos (2) grupos familiares\" Opcion. A\u00f1adido/a \"\u00bfCu\u00e1ntos grupos familiares habitan por vivienda en promedio? :: Un (1) grupo familiar\" Opcion. A\u00f1adido/a \"\u00bfCu\u00e1ntos grupos familiares habitan por vivienda en promedio? :: Las viviendas est\u00e1n desocupadas\" Opcion.", "user": 1, "content_type": 9}, "model": "admin.logentry", "pk": 67}, {"fields": {"action_flag": 1, "action_time": "2016-08-02T23:20:41.654Z", "object_repr": "\u00bfCu\u00e1l es el uso de las edificaciones en su comunidad?", "object_id": "21", "change_message": "A\u00f1adido. A\u00f1adido/a \"\u00bfCu\u00e1l es el uso de las edificaciones en su comunidad? :: Residencial\" Opcion. A\u00f1adido/a \"\u00bfCu\u00e1l es el uso de las edificaciones en su comunidad? :: Comercial y Residencial\" Opcion. A\u00f1adido/a \"\u00bfCu\u00e1l es el uso de las edificaciones en su comunidad? :: Comercial\" Opcion. A\u00f1adido/a \"\u00bfCu\u00e1l es el uso de las edificaciones en su comunidad? :: Comercial, Residencial y de Servicios Institucionales\" Opcion.", "user": 1, "content_type": 9}, "model": "admin.logentry", "pk": 68}, {"fields": {"action_flag": 1, "action_time": "2016-08-02T23:21:09.753Z", "object_repr": "\u00bfCu\u00e1ntos accesos tiene su comunidad y que caracter\u00edstica tiene?", "object_id": "22", "change_message": "A\u00f1adido. A\u00f1adido/a \"\u00bfCu\u00e1ntos accesos tiene su comunidad y que caracter\u00edstica tiene? :: Menos de 2 accesos, unidireccionales\" Opcion. A\u00f1adido/a \"\u00bfCu\u00e1ntos accesos tiene su comunidad y que caracter\u00edstica tiene? :: Menos de 2 accesos, bidireccionales\" Opcion. A\u00f1adido/a \"\u00bfCu\u00e1ntos accesos tiene su comunidad y que caracter\u00edstica tiene? :: M\u00e1s de 2 accesos bidireccionales y otros unidireccionales\" Opcion. A\u00f1adido/a \"\u00bfCu\u00e1ntos accesos tiene su comunidad y que caracter\u00edstica tiene? :: M\u00faltiples accesos bidireccionales\" Opcion.", "user": 1, "content_type": 9}, "model": "admin.logentry", "pk": 69}, {"fields": {"action_flag": 1, "action_time": "2016-08-02T23:22:09.066Z", "object_repr": "\u00bfQu\u00e9 relaci\u00f3n tiene la funci\u00f3n original de la edificaci\u00f3n con la funci\u00f3n actual?", "object_id": "23", "change_message": "A\u00f1adido. A\u00f1adido/a \"\u00bfQu\u00e9 relaci\u00f3n tiene la funci\u00f3n original de la edificaci\u00f3n con la funci\u00f3n actual? :: No se corresponden\" Opcion. A\u00f1adido/a \"\u00bfQu\u00e9 relaci\u00f3n tiene la funci\u00f3n original de la edificaci\u00f3n con la funci\u00f3n actual? :: Se corresponden poco\" Opcion. A\u00f1adido/a \"\u00bfQu\u00e9 relaci\u00f3n tiene la funci\u00f3n original de la edificaci\u00f3n con la funci\u00f3n actual? :: Se corresponden medianamente\" Opcion. A\u00f1adido/a \"\u00bfQu\u00e9 relaci\u00f3n tiene la funci\u00f3n original de la edificaci\u00f3n con la funci\u00f3n actual? :: Se corresponde totalmente\" Opcion.", "user": 1, "content_type": 9}, "model": "admin.logentry", "pk": 70}, {"fields": {"action_flag": 1, "action_time": "2016-08-02T23:22:12.924Z", "object_repr": "Dir\u00eda usted que el estado de las V\u00edas transitables de su comunidad, es:", "object_id": "24", "change_message": "A\u00f1adido. A\u00f1adido/a \"Dir\u00eda usted que el estado de las V\u00edas transitables de su comunidad, es: :: Malo\" Opcion. A\u00f1adido/a \"Dir\u00eda usted que el estado de las V\u00edas transitables de su comunidad, es: :: Regular\" Opcion. A\u00f1adido/a \"Dir\u00eda usted que el estado de las V\u00edas transitables de su comunidad, es: :: Bueno\" Opcion. A\u00f1adido/a \"Dir\u00eda usted que el estado de las V\u00edas transitables de su comunidad, es: :: Excelente\" Opcion.", "user": 1, "content_type": 9}, "model": "admin.logentry", "pk": 71}, {"fields": {"action_flag": 1, "action_time": "2016-08-02T23:22:42.446Z", "object_repr": "\u00bfEn qu\u00e9 condiciones se encuentran las edificaciones que no tienen uso residencial?", "object_id": "25", "change_message": "A\u00f1adido. A\u00f1adido/a \"\u00bfEn qu\u00e9 condiciones se encuentran las edificaciones que no tienen uso residencial? :: Malo\" Opcion. A\u00f1adido/a \"\u00bfEn qu\u00e9 condiciones se encuentran las edificaciones que no tienen uso residencial? :: Regular\" Opcion. A\u00f1adido/a \"\u00bfEn qu\u00e9 condiciones se encuentran las edificaciones que no tienen uso residencial? :: Bueno\" Opcion. A\u00f1adido/a \"\u00bfEn qu\u00e9 condiciones se encuentran las edificaciones que no tienen uso residencial? :: Excelente\" Opcion.", "user": 1, "content_type": 9}, "model": "admin.logentry", "pk": 72}, {"fields": {"action_flag": 1, "action_time": "2016-08-02T23:23:48.483Z", "object_repr": "\u00bfEn qu\u00e9 condiciones se encuentran la demarcaci\u00f3n del pavimento y las se\u00f1alizaciones  de la vialidad?", "object_id": "26", "change_message": "A\u00f1adido. A\u00f1adido/a \"\u00bfEn qu\u00e9 condiciones se encuentran la demarcaci\u00f3n del pavimento y las se\u00f1alizaciones  de la vialidad? :: No existe demarcaci\u00f3n del pavimento y/o se\u00f1alizaci\u00f3n vial\" Opcion. A\u00f1adido/a \"\u00bfEn qu\u00e9 condiciones se encuentran la demarcaci\u00f3n del pavimento y las se\u00f1alizaciones  de la vialidad? :: Existe demarcaci\u00f3n del pavimento y se\u00f1alizaci\u00f3n vial en algunas zonas del sector\" Opcion. A\u00f1adido/a \"\u00bfEn qu\u00e9 condiciones se encuentran la demarcaci\u00f3n del pavimento y las se\u00f1alizaciones  de la vialidad? :: Existe demarcaci\u00f3n del pavimento y se\u00f1alizaci\u00f3n vial en todo el sector\" Opcion. A\u00f1adido/a \"\u00bfEn qu\u00e9 condiciones se encuentran la demarcaci\u00f3n del pavimento y las se\u00f1alizaciones  de la vialidad? :: Existe demarcaci\u00f3n del pavimento y se\u00f1alizaci\u00f3n vial en todo el sector y es \u00f3ptimo\" Opcion.", "user": 1, "content_type": 9}, "model": "admin.logentry", "pk": 73}, {"fields": {"action_flag": 1, "action_time": "2016-08-02T23:25:43.377Z", "object_repr": "\u00bfCu\u00e1l es el uso de las edificaciones en su comunidad?", "object_id": "27", "change_message": "A\u00f1adido. A\u00f1adido/a \"\u00bfCu\u00e1l es el uso de las edificaciones en su comunidad? :: Residencial\" Opcion. A\u00f1adido/a \"\u00bfCu\u00e1l es el uso de las edificaciones en su comunidad? :: Comercial y Residencial\" Opcion. A\u00f1adido/a \"\u00bfCu\u00e1l es el uso de las edificaciones en su comunidad? :: Comercial\" Opcion. A\u00f1adido/a \"\u00bfCu\u00e1l es el uso de las edificaciones en su comunidad? :: Comercial, Residencial y de Servicios Institucionales\" Opcion.", "user": 1, "content_type": 9}, "model": "admin.logentry", "pk": 74}, {"fields": {"action_flag": 1, "action_time": "2016-08-02T23:27:18.318Z", "object_repr": "\u00bfQu\u00e9 relaci\u00f3n tiene la funci\u00f3n original de la edificaci\u00f3n con la funci\u00f3n actual?", "object_id": "28", "change_message": "A\u00f1adido. A\u00f1adido/a \"\u00bfQu\u00e9 relaci\u00f3n tiene la funci\u00f3n original de la edificaci\u00f3n con la funci\u00f3n actual? :: No se corresponden\" Opcion. A\u00f1adido/a \"\u00bfQu\u00e9 relaci\u00f3n tiene la funci\u00f3n original de la edificaci\u00f3n con la funci\u00f3n actual? :: Se corresponden poco\" Opcion. A\u00f1adido/a \"\u00bfQu\u00e9 relaci\u00f3n tiene la funci\u00f3n original de la edificaci\u00f3n con la funci\u00f3n actual? :: Se corresponden medianamente\" Opcion. A\u00f1adido/a \"\u00bfQu\u00e9 relaci\u00f3n tiene la funci\u00f3n original de la edificaci\u00f3n con la funci\u00f3n actual? :: Se corresponde totalmente\" Opcion.", "user": 1, "content_type": 9}, "model": "admin.logentry", "pk": 75}, {"fields": {"action_flag": 1, "action_time": "2016-08-02T23:28:20.616Z", "object_repr": "\u00bfEn qu\u00e9 condiciones se encuentran las edificaciones que no tienen uso residencial?", "object_id": "29", "change_message": "A\u00f1adido. A\u00f1adido/a \"\u00bfEn qu\u00e9 condiciones se encuentran las edificaciones que no tienen uso residencial? :: Malo\" Opcion. A\u00f1adido/a \"\u00bfEn qu\u00e9 condiciones se encuentran las edificaciones que no tienen uso residencial? :: Regular\" Opcion. A\u00f1adido/a \"\u00bfEn qu\u00e9 condiciones se encuentran las edificaciones que no tienen uso residencial? :: Bueno\" Opcion. A\u00f1adido/a \"\u00bfEn qu\u00e9 condiciones se encuentran las edificaciones que no tienen uso residencial? :: Excelente\" Opcion.", "user": 1, "content_type": 9}, "model": "admin.logentry", "pk": 76}, {"fields": {"action_flag": 1, "action_time": "2016-08-02T23:43:24.703Z", "object_repr": "\u00bfExiste disponibilidad de instalaciones de protecci\u00f3n civil y entes de atenci\u00f3n de  emergencias?", "object_id": "30", "change_message": "A\u00f1adido. A\u00f1adido/a \"\u00bfExiste disponibilidad de instalaciones de protecci\u00f3n civil y entes de atenci\u00f3n de  emergencias? :: No existe\" Opcion. A\u00f1adido/a \"\u00bfExiste disponibilidad de instalaciones de protecci\u00f3n civil y entes de atenci\u00f3n de  emergencias? :: Existe a nivel Nacional\" Opcion. A\u00f1adido/a \"\u00bfExiste disponibilidad de instalaciones de protecci\u00f3n civil y entes de atenci\u00f3n de  emergencias? :: Existe a nivel nacional y regional\" Opcion. A\u00f1adido/a \"\u00bfExiste disponibilidad de instalaciones de protecci\u00f3n civil y entes de atenci\u00f3n de  emergencias? :: Existe en la localidad, a nivel regional y nacional\" Opcion.", "user": 1, "content_type": 9}, "model": "admin.logentry", "pk": 77}, {"fields": {"action_flag": 1, "action_time": "2016-08-02T23:44:31.817Z", "object_repr": "\u00bfConoce de la existencia de instalaciones sanitarias y m\u00e9dicas?", "object_id": "31", "change_message": "A\u00f1adido. A\u00f1adido/a \"\u00bfConoce de la existencia de instalaciones sanitarias y m\u00e9dicas? :: No existe\" Opcion. A\u00f1adido/a \"\u00bfConoce de la existencia de instalaciones sanitarias y m\u00e9dicas? :: Existe a nivel Nacional\" Opcion. A\u00f1adido/a \"\u00bfConoce de la existencia de instalaciones sanitarias y m\u00e9dicas? :: Existe a nivel nacional y regional\" Opcion. A\u00f1adido/a \"\u00bfConoce de la existencia de instalaciones sanitarias y m\u00e9dicas? :: Existe en la localidad, a nivel regional y nacional\" Opcion.", "user": 1, "content_type": 9}, "model": "admin.logentry", "pk": 78}, {"fields": {"action_flag": 1, "action_time": "2016-08-02T23:44:37.338Z", "object_repr": "\u00bfExisten instalaciones educacionales?", "object_id": "32", "change_message": "A\u00f1adido. A\u00f1adido/a \"\u00bfExisten instalaciones educacionales? :: No existe\" Opcion. A\u00f1adido/a \"\u00bfExisten instalaciones educacionales? :: Existe a nivel Nacional\" Opcion. A\u00f1adido/a \"\u00bfExisten instalaciones educacionales? :: Existe a nivel Nacional y Regional\" Opcion. A\u00f1adido/a \"\u00bfExisten instalaciones educacionales? :: Existe en Localidad, a nivel Regional y Nacional\" Opcion.", "user": 1, "content_type": 9}, "model": "admin.logentry", "pk": 79}, {"fields": {"action_flag": 1, "action_time": "2016-08-02T23:45:22.406Z", "object_repr": "\u00bfConoce de la existencia de instalaciones eclesi\u00e1sticas?", "object_id": "33", "change_message": "A\u00f1adido. A\u00f1adido/a \"\u00bfConoce de la existencia de instalaciones eclesi\u00e1sticas? :: No existe\" Opcion. A\u00f1adido/a \"\u00bfConoce de la existencia de instalaciones eclesi\u00e1sticas? :: Existe a nivel Nacional\" Opcion. A\u00f1adido/a \"\u00bfConoce de la existencia de instalaciones eclesi\u00e1sticas? :: Existe a nivel Nacional y Regional\" Opcion. A\u00f1adido/a \"\u00bfConoce de la existencia de instalaciones eclesi\u00e1sticas? :: Existe en Localidad, a nivel Regional y Nacional\" Opcion.", "user": 1, "content_type": 9}, "model": "admin.logentry", "pk": 80}, {"fields": {"action_flag": 1, "action_time": "2016-08-02T23:45:38.976Z", "object_repr": "\u00bfExiste disponibilidad de instalaciones comunitarias?", "object_id": "34", "change_message": "A\u00f1adido. A\u00f1adido/a \"\u00bfExiste disponibilidad de instalaciones comunitarias? :: No existe\" Opcion. A\u00f1adido/a \"\u00bfExiste disponibilidad de instalaciones comunitarias? :: Existe a nivel Nacional\" Opcion. A\u00f1adido/a \"\u00bfExiste disponibilidad de instalaciones comunitarias? :: Existe a nivel nacional y regional\" Opcion. A\u00f1adido/a \"\u00bfExiste disponibilidad de instalaciones comunitarias? :: Existe en la localidad, a nivel regional y nacional\" Opcion.", "user": 1, "content_type": 9}, "model": "admin.logentry", "pk": 81}, {"fields": {"action_flag": 1, "action_time": "2016-08-02T23:46:18.167Z", "object_repr": "\u00bfDispone de instalaciones para oficinas?", "object_id": "35", "change_message": "A\u00f1adido. A\u00f1adido/a \"\u00bfDispone de instalaciones para oficinas? :: No existe\" Opcion. A\u00f1adido/a \"\u00bfDispone de instalaciones para oficinas? :: Existe a nivel Nacional\" Opcion. A\u00f1adido/a \"\u00bfDispone de instalaciones para oficinas? :: Existe a nivel Nacional y Regional\" Opcion. A\u00f1adido/a \"\u00bfDispone de instalaciones para oficinas? :: Existe en Localidad, a nivel Regional y Nacional\" Opcion.", "user": 1, "content_type": 9}, "model": "admin.logentry", "pk": 82}, {"fields": {"action_flag": 1, "action_time": "2016-08-02T23:46:42.263Z", "object_repr": "\u00bfConoce de la existencia de instalaciones abiertas de uso p\u00fablico?", "object_id": "36", "change_message": "A\u00f1adido. A\u00f1adido/a \"\u00bfConoce de la existencia de instalaciones abiertas de uso p\u00fablico? :: No existe\" Opcion. A\u00f1adido/a \"\u00bfConoce de la existencia de instalaciones abiertas de uso p\u00fablico? :: Existe a nivel Nacional\" Opcion. A\u00f1adido/a \"\u00bfConoce de la existencia de instalaciones abiertas de uso p\u00fablico? :: Existe a nivel nacional y regional\" Opcion. A\u00f1adido/a \"\u00bfConoce de la existencia de instalaciones abiertas de uso p\u00fablico? :: Existe en la localidad, a nivel regional y nacional\" Opcion.", "user": 1, "content_type": 9}, "model": "admin.logentry", "pk": 83}, {"fields": {"action_flag": 1, "action_time": "2016-08-02T23:47:34.269Z", "object_repr": "\u00bfExiste disponibilidad de instalaciones alimentarias y de acopio?", "object_id": "37", "change_message": "A\u00f1adido. A\u00f1adido/a \"\u00bfExiste disponibilidad de instalaciones alimentarias y de acopio? :: No existe\" Opcion. A\u00f1adido/a \"\u00bfExiste disponibilidad de instalaciones alimentarias y de acopio? :: Existe a nivel Nacional\" Opcion. A\u00f1adido/a \"\u00bfExiste disponibilidad de instalaciones alimentarias y de acopio? :: Existe a nivel nacional y regional\" Opcion. A\u00f1adido/a \"\u00bfExiste disponibilidad de instalaciones alimentarias y de acopio? :: Existe en la localidad, a nivel regional y nacional\" Opcion.", "user": 1, "content_type": 9}, "model": "admin.logentry", "pk": 84}, {"fields": {"action_flag": 1, "action_time": "2016-08-02T23:47:46.787Z", "object_repr": "Dir\u00eda usted que la existencia de instalaciones asociadas al transporte p\u00fablico:", "object_id": "38", "change_message": "A\u00f1adido. A\u00f1adido/a \"Dir\u00eda usted que la existencia de instalaciones asociadas al transporte p\u00fablico: :: No existe\" Opcion. A\u00f1adido/a \"Dir\u00eda usted que la existencia de instalaciones asociadas al transporte p\u00fablico: :: Existe a nivel Nacional\" Opcion. A\u00f1adido/a \"Dir\u00eda usted que la existencia de instalaciones asociadas al transporte p\u00fablico: :: Existe a nivel Nacional y Regional\" Opcion. A\u00f1adido/a \"Dir\u00eda usted que la existencia de instalaciones asociadas al transporte p\u00fablico: :: Existe en Localidad, a nivel Regional y Nacional\" Opcion.", "user": 1, "content_type": 9}, "model": "admin.logentry", "pk": 85}, {"fields": {"action_flag": 1, "action_time": "2016-08-02T23:48:44.111Z", "object_repr": "\u00bfConoce de la existencia de refugios?", "object_id": "39", "change_message": "A\u00f1adido. A\u00f1adido/a \"\u00bfConoce de la existencia de refugios? :: No existe\" Opcion. A\u00f1adido/a \"\u00bfConoce de la existencia de refugios? :: Existe a nivel Nacional\" Opcion. A\u00f1adido/a \"\u00bfConoce de la existencia de refugios? :: Existe a nivel nacional y regional\" Opcion. A\u00f1adido/a \"\u00bfConoce de la existencia de refugios? :: Existe en la localidad, a nivel regional y nacional\" Opcion.", "user": 1, "content_type": 9}, "model": "admin.logentry", "pk": 86}, {"fields": {"action_flag": 1, "action_time": "2016-08-02T23:49:53.152Z", "object_repr": "Usted considerar\u00eda que la disponibilidad de auditorios, teatros y estadios, es:", "object_id": "40", "change_message": "A\u00f1adido. A\u00f1adido/a \"Usted considerar\u00eda que la disponibilidad de auditorios, teatros y estadios, es: :: No existe\" Opcion. A\u00f1adido/a \"Usted considerar\u00eda que la disponibilidad de auditorios, teatros y estadios, es: :: Existe a nivel Nacional\" Opcion. A\u00f1adido/a \"Usted considerar\u00eda que la disponibilidad de auditorios, teatros y estadios, es: :: Existe a nivel Nacional y Regional\" Opcion. A\u00f1adido/a \"Usted considerar\u00eda que la disponibilidad de auditorios, teatros y estadios, es: :: Existe en Localidad, a nivel Regional y Nacional\" Opcion.", "user": 1, "content_type": 9}, "model": "admin.logentry", "pk": 87}, {"fields": {"action_flag": 1, "action_time": "2016-08-02T23:50:39.692Z", "object_repr": "\u00bfHay parques, plazas y \u00e1reas de recreaci\u00f3n?", "object_id": "41", "change_message": "A\u00f1adido. A\u00f1adido/a \"\u00bfHay parques, plazas y \u00e1reas de recreaci\u00f3n? :: No existe\" Opcion. A\u00f1adido/a \"\u00bfHay parques, plazas y \u00e1reas de recreaci\u00f3n? :: Existe a nivel Nacional\" Opcion. A\u00f1adido/a \"\u00bfHay parques, plazas y \u00e1reas de recreaci\u00f3n? :: Existe a nivel Nacional y Regional\" Opcion. A\u00f1adido/a \"\u00bfHay parques, plazas y \u00e1reas de recreaci\u00f3n? :: Existe en Localidad, a nivel Regional y Nacional\" Opcion.", "user": 1, "content_type": 9}, "model": "admin.logentry", "pk": 88}]